"Policies_Jetty_V3","Setup_P1","LoadPropertiesFileDataInCurrentProject"
"Policies_Jetty_V3","Setup_P1","Set SoapUI Global Preferences"
"Policies_Jetty_V3","Setup_P1","Set Coordinator Schema"
"Policies_Jetty_V3","Setup_P1","Set Test Data for Csv Path"
"Policies_Jetty_V3","Setup_P1","Set Cert Location"
"Policies_Jetty_V3","Setup_P1","Set TOU version"
"Policies_Jetty_V3","Setup_P1","Set Script Location_NotRequired"
"Policies_Jetty_V3","Setup_P1","Enable-Disable Suites Based On Exec Priority"
"Policies_Jetty_V3","Setup_P1","Set Dclient Application Authorization"
"Policies_Jetty_V3","Setup_P1","Disable Test cases not required for 1_11"
"Policies_Jetty_V3","PERM_ACCOUNT_POLICIES_P0","TC_DECE_00001_Policies_PERM_LockerViewAllConsent_Policy"
"Policies_Jetty_V3","PERM_ACCOUNT_POLICIES_P0","TC_DECE_00002_Policies_PERM_EnableUserDataUsageConsent_Policy_Different_Orgs"
"Policies_Jetty_V3","PERM_ACCOUNT_POLICIES_P0","TC_DECE_00003_Policies_PERM_EnableManageUserConsent_Policy"
"Policies_Jetty_V3","PERM_ACCOUNT_POLICIES_P0","TC_DECE_00004_Policies_PERM_ManageAccountConsent_Policy"
"Policies_Jetty_V3","FUNC_ACCOUNT_POLICIES_P0","TC_DECE_00005_Policies_FUNC_LockerViewAllConsent_Policy"
"Policies_Jetty_V3","FUNC_ACCOUNT_POLICIES_P0","TC_DECE_00006_Policies_FUNC_LockerViewAllConsent_Policy_with_NULL_Requesting_Entity"
"Policies_Jetty_V3","FUNC_ACCOUNT_POLICIES_P0","TC_DECE_00007_Policies_FUNC_LockerViewAllConsent_Policy_with_Multiple_Requesting_Entities_with_Org"
"Policies_Jetty_V3","FUNC_ACCOUNT_POLICIES_P0","TC_DECE_00008_Policies_FUNC_EnableUserDataUsageConsent_Policy"
"Policies_Jetty_V3","FUNC_ACCOUNT_POLICIES_P0","TC_DECE_00009_Policies_FUNC_EnableUserDataUsageConsent_Policy_with_NULL_Requesting_Entity"
"Policies_Jetty_V3","FUNC_ACCOUNT_POLICIES_P0","TC_DECE_00010_Policies_FUNC_EnableUserDataUsageConsent_Policy_with_Multiple_Requesting_Entities_with_Org"
"Policies_Jetty_V3","FUNC_ACCOUNT_POLICIES_P0","TC_DECE_00011_Policies_FUNC_EnableManageUserConsent_Policy"
"Policies_Jetty_V3","FUNC_ACCOUNT_POLICIES_P0","TC_DECE_00012_Policies_FUNC_EnableManageUserConsent_Policy_with_NULL_Requesting_Entity"
"Policies_Jetty_V3","FUNC_ACCOUNT_POLICIES_P0","TC_DECE_00013_Policies_FUNC_EnableManageUserConsent_Policy_with_Multiple_Requesting_Entities_with_Org"
"Policies_Jetty_V3","FUNC_ACCOUNT_POLICIES_P0","TC_DECE_00014_Policies_FUNC_ManageAccountConsent_Policy"
"Policies_Jetty_V3","FUNC_ACCOUNT_POLICIES_P0","TC_DECE_00015_Policies_FUNC_ManageAccountConsent_Policy_with_NULL_Requesting_Entity"
"Policies_Jetty_V3","FUNC_ACCOUNT_POLICIES_P0","TC_DECE_00016_Policies_FUNC_ManageAccountConsent_Policy_with_Multiple_Requesting_Entities_with_Org"
"Policies_Jetty_V3","FUNC_ACCOUNT_POLICIES_P0","TC_DECE_00017_Policies_FUNC_All_Account_with_Account_List_URL"
"Policies_Jetty_V3","FUNC_ACCOUNT_POLICIES_P0","TC_DECE_00018_Policies_FUNC_All_Account_with_User_List_URL_Negative"
"Policies_Jetty_V3","FUNC_ACCOUNT_POLICIES_P0","TC_DECE_00019_Policies_FUNC_Account_Policy_with_User_URL_Negative"
"Policies_Jetty_V3","FUNC_ACCOUNT_POLICIES_CASE_INSENSITIVE_P2","TC_DECE_00020_Policies_FUNC_LockerViewAllConsent_Policy"
"Policies_Jetty_V3","FUNC_ACCOUNT_POLICIES_CASE_INSENSITIVE_P2","TC_DECE_00021_Policies_FUNC_EnableUserDataUsageConsent_Policy"
"Policies_Jetty_V3","FUNC_ACCOUNT_POLICIES_CASE_INSENSITIVE_P2","TC_DECE_00022_Policies_FUNC_EnableManageUserConsent_Policy"
"Policies_Jetty_V3","FUNC_ACCOUNT_POLICIES_CASE_INSENSITIVE_P2","TC_DECE_00023_Policies_FUNC_ManageAccountConsent_Policy_Case_Insensitive"
"Policies_Jetty_V3","FUNC_ACCOUNT_POLICIES_BASIC_AUTH_P0","TC_DECE_00024_Policies_FUNC_LockerViewAllConsent_Policy_BasicAuth"
"Policies_Jetty_V3","FUNC_ACCOUNT_POLICIES_BASIC_AUTH_P0","TC_DECE_00025_Policies_FUNC_EnableUserDataUsageConsent_Policy_BasicAuth"
"Policies_Jetty_V3","FUNC_ACCOUNT_POLICIES_BASIC_AUTH_P0","TC_DECE_00026_Policies_FUNC_EnableManageUserConsent_Policy_BasicAuth"
"Policies_Jetty_V3","FUNC_ACCOUNT_POLICIES_BASIC_AUTH_P0","TC_DECE_00027_Policies_FUNC_ManageAccountConsent_Policy_BasicAuth"
"Policies_Jetty_V3","FUNC_ACCOUNT_POLICIES_SAML_DEVICE_P0","TC_DECE_00028_Policies_FUNC_LockerViewAllConsent_Policy_SAML_Device"
"Policies_Jetty_V3","FUNC_ACCOUNT_POLICIES_SAML_DEVICE_P0","TC_DECE_00029_Policies_FUNC_EnableUserDataUsageConsent_Policy_Different_Orgs_SAML_Device"
"Policies_Jetty_V3","FUNC_ACCOUNT_POLICIES_SAML_DEVICE_P0","TC_DECE_00030_Policies_FUNC_EnableManageUserConsent_Policy_SAML_Device"
"Policies_Jetty_V3","FUNC_ACCOUNT_POLICIES_SAML_DEVICE_P0","TC_DECE_00031_Policies_FUNC_ManageAccountConsent_Policy_SAML_Device"
"Policies_Jetty_V3","FUNC_ACCOUNT_POLICIES_DELETE_P0","TC_DECE_00032_Policies_FUNC_LockerViewAllConsent_Policy_DELETE"
"Policies_Jetty_V3","FUNC_ACCOUNT_POLICIES_DELETE_P0","TC_DECE_00033_Policies_FUNC_EnableUserDataUsageConsent_Policy_DELETE"
"Policies_Jetty_V3","FUNC_ACCOUNT_POLICIES_DELETE_P0","TC_DECE_00034_Policies_FUNC_EnableManageUserConsent_Policy_DELETE"
"Policies_Jetty_V3","FUNC_ACCOUNT_POLICIES_DELETE_P0","TC_DECE_00035_Policies_FUNC_ManageAccountConsent_Policy_DELETE"
"Policies_Jetty_V3","FUNC_ACCOUNT_POLICIES_UPDATE_P0","TC_DECE_00036_Policies_FUNC_LockerViewAllConsent_Policy_UPDATE"
"Policies_Jetty_V3","FUNC_ACCOUNT_POLICIES_UPDATE_P0","TC_DECE_00037_Policies_FUNC_EnableUserDataUsageConsent_Policy_UPDATE"
"Policies_Jetty_V3","FUNC_ACCOUNT_POLICIES_UPDATE_P0","TC_DECE_00038_Policies_FUNC_EnableManageUserConsent_Policy_UPDATE"
"Policies_Jetty_V3","FUNC_ACCOUNT_POLICIES_UPDATE_P0","TC_DECE_00039_Policies_FUNC_ManageAccountConsent_Policy_UPDATE"
"Policies_Jetty_V3","FUNC_ACCOUNT_POLICIES_GET_P0","TC_DECE_00040_Policies_FUNC_LockerViewAllConsent_Policy_GET"
"Policies_Jetty_V3","FUNC_ACCOUNT_POLICIES_GET_P0","TC_DECE_00041_Policies_FUNC_EnableUserDataUsageConsent_Policy_GET"
"Policies_Jetty_V3","FUNC_ACCOUNT_POLICIES_GET_P0","TC_DECE_00042_Policies_FUNC_EnableManageUserConsent_Policy_GET"
"Policies_Jetty_V3","FUNC_ACCOUNT_POLICIES_GET_P0","TC_DECE_00043_Policies_FUNC_ManageAccountConsent_Policy_GET"
"Policies_Jetty_V3","FUNC_USER_POLICIES_DELETE_P1","TC_DECE_00107_Policies_FUNC_BlockUnratedContent_Policy_DELETE"
"Policies_Jetty_V3","FUNC_USER_POLICIES_DELETE_P1","TC_DECE_00108_Policies_FUNC_RatingPolicy_Policy_DELETE"
"Policies_Jetty_V3","FUNC_USER_POLICIES_DELETE_P1","TC_DECE_00109_Policies_FUNC_NoPolicyEnforcement_Policy_DELETE"
"Policies_Jetty_V3","FUNC_USER_POLICIES_DELETE_P1","TC_DECE_00110_Policies_FUNC_AllowAdult_Policy_DELETE"
"Policies_Jetty_V3","FUNC_USER_POLICIES_DELETE_P1","TC_DECE_00111_Policies_FUNC_ManageUserConsent_Policy_DELETE"
"Policies_Jetty_V3","FUNC_USER_POLICIES_DELETE_P1","TC_DECE_00112_Policies_FUNC_UserDataUsageConsent_Policy_DELETE"
"Policies_Jetty_V3","FUNC_USER_POLICIES_DELETE_P1","TC_DECE_00113_Policies_FUNC_UserLinkConsent_Policy_DELETE"
"Policies_Jetty_V3","FUNC_USER_POLICIES_DELETE_P1","TC_DECE_00114_Policies_FUNC_UserLinkConsent_Policy_Last_Full_User_DELETE"
"Policies_Jetty_V3","FUNC_USER_POLICIES_DELETE_P1","TC_DECE_00115_Policies_FUNC_UserLinkConsent_Policy_Same_Org_Affiliate_DELETE"
"Policies_Jetty_V3","FUNC_USER_POLICIES_DELETE_P1","TC_DECE_00116_Policies_FUNC_UserLinkConsent_Policy_with_MAC_DELETE_MANUAL"
"Policies_Jetty_V3","FUNC_USER_POLICIES_DELETE_P1","TC_DECE_00117_Policies_FUNC_ManageUserConsent_Policy_Last_Full_User_MUC_DELETE"
"Policies_Jetty_V3","FUNC_USER_POLICIES_DELETE_P1","TC_DECE_00118_Policies_FUNC_ManageUserConsent_Policy_2_Full_Users_Last_MUC_DELETE"
"Policies_Jetty_V3","FUNC_USER_POLICIES_DELETE_P1","TC_DECE_00119_Policies_FUNC_UserLinkConsent_Create_at_Org_Level_DELETE"
"Policies_Jetty_V3","FUNC_USER_POLICIES_DELETE_P1","TC_DECE_00120_Policies_FUNC_UserDataUsageConsent_Create_at_Org_Level_DELETE"
"Policies_Jetty_V3","FUNC_USER_POLICIES_DELETE_P1","Invalid PolicyId"
"Policies_Jetty_V3","PERM_USER_POLICIES_P1","TC_DECE_00044_Policies_PERM_BlockUnratedContent_Policy"
"Policies_Jetty_V3","PERM_USER_POLICIES_P1","TC_DECE_00045_Policies_PERM_RatingPolicy_Policy"
"Policies_Jetty_V3","PERM_USER_POLICIES_P1","TC_DECE_00046_Policies_PERM_NoPolicyEnforcement_Policy"
"Policies_Jetty_V3","PERM_USER_POLICIES_P1","TC_DECE_00047_Policies_PERM_AllowAdult_Policy"
"Policies_Jetty_V3","PERM_USER_POLICIES_P1","TC_DECE_00048_Policies_PERM_ManageUserConsent_Policy"
"Policies_Jetty_V3","PERM_USER_POLICIES_P1","TC_DECE_00049_Policies_PERM_UserDataUsageConsent_Policy"
"Policies_Jetty_V3","PERM_USER_POLICIES_P1","TC_DECE_00050_Policies_PERM_UserLinkConsent_Policy"
"Policies_Jetty_V3","PERM_USER_POLICIES_P1","TC_DECE_00051_Policies_PERM_TermsOfUse_Policy"
"Policies_Jetty_V3","FUNC_USER_POLICIES_P0","TC_DECE_00052_Policies_FUNC_BlockUnratedContent_Policy"
"Policies_Jetty_V3","FUNC_USER_POLICIES_P0","TC_DECE_00053_Policies_FUNC_RatingPolicy_Policy"
"Policies_Jetty_V3","FUNC_USER_POLICIES_P0","TC_DECE_00054_Policies_FUNC_RatingPolicy_All_US_Ratings"
"Policies_Jetty_V3","FUNC_USER_POLICIES_P0","TC_DECE_00055_Policies_FUNC_NoPolicyEnforcement_Policy"
"Policies_Jetty_V3","FUNC_USER_POLICIES_P0","TC_DECE_00056_Policies_FUNC_AllowAdult_Policy"
"Policies_Jetty_V3","FUNC_USER_POLICIES_P0","TC_DECE_00057_Policies_FUNC_ManageUserConsent_Policy"
"Policies_Jetty_V3","FUNC_USER_POLICIES_P0","TC_DECE_00058_Policies_FUNC_ManageUserConsent_Policy_with_NULL_Requesting_Entity"
"Policies_Jetty_V3","FUNC_USER_POLICIES_P0","TC_DECE_00059_Policies_FUNC_ManageUserConsent_Policy_with_Multiple_Requesting_Entities_with_Org"
"Policies_Jetty_V3","FUNC_USER_POLICIES_P0","TC_DECE_00060_Policies_FUNC_UserDataUsageConsent_Policy"
"Policies_Jetty_V3","FUNC_USER_POLICIES_P0","TC_DECE_00061_Policies_FUNC_UserDataUsageConsent_Policy_NULL_Requesting_Entity"
"Policies_Jetty_V3","FUNC_USER_POLICIES_P0","TC_DECE_00062_Policies_FUNC_UserDataUsageConsent_Policy_Multiple_Requesting_Entities_with_Org"
"Policies_Jetty_V3","FUNC_USER_POLICIES_P0","TC_DECE_00063_Policies_FUNC_UserLinkConsent_Policy"
"Policies_Jetty_V3","FUNC_USER_POLICIES_P0","TC_DECE_00064_Policies_FUNC_UserLinkConsent_Policy_NULL_Requesting_Entity"
"Policies_Jetty_V3","FUNC_USER_POLICIES_P0","TC_DECE_00065_Policies_FUNC_UserLinkConsent_Policy_Multiple_Requesting_Entities_with_Org"
"Policies_Jetty_V3","FUNC_USER_POLICIES_P0","TC_DECE_00066_Policies_FUNC_TermsOfUse_Policy"
"Policies_Jetty_V3","FUNC_USER_POLICIES_P0","TC_DECE_00067_Policies_FUNC_BlockUnratedContent_Policy_with_Account_URL_Negative"
"Policies_Jetty_V3","FUNC_USER_POLICIES_P0","TC_DECE_00068_Policies_FUNC_All_User_URL_with_DataSharingConsent_with_User_List_URL_Negative"
"Policies_Jetty_V3","FUNC_USER_POLICIES_P0","TC_DECE_00069_Policies_FUNC_All_User_with_User_List_URL"
"Policies_Jetty_V3","FUNC_USER_POLICIES_P0","TC_DECE_00070_Policies_FUNC_All_User_without_EULA_&_UserLinkConsent_with_Account_List_URL"
"Policies_Jetty_V3","FUNC_USER_POLICIES_P0","TC_DECE_00071_Policies_FUNC_ManageUserConsent_for_Multiple_Nodes_User_URL"
"Policies_Jetty_V3","FUNC_USER_POLICIES_P0","TC_DECE_00072_Policies_FUNC_ManageUserConsent_for_Multiple_Nodes_User_List_URL"
"Policies_Jetty_V3","FUNC_USER_POLICIES_P0","TC_DECE_00073_Policies_FUNC_ManageUserConsent_Policy_Same_Org_CS_Considerations"
"Policies_Jetty_V3","FUNC_USER_POLICIES_P0","TC_DECE_00074_Policies_FUNC_UserDataUsageConsent_for_Multiple_Nodes_User_URL"
"Policies_Jetty_V3","FUNC_USER_POLICIES_P0","TC_DECE_00075_Policies_FUNC_UserDataUsageConsent_for_Multiple_Nodes_User_List_URL"
"Policies_Jetty_V3","FUNC_USER_POLICIES_P0","TC_DECE_00076_Policies_FUNC_UserDataUsageConsent_Policy_Same_Org_CS_Considerations"
"Policies_Jetty_V3","FUNC_USER_POLICIES_TOU_P1","TC_DECE_00077_Policies_TOU_Acceptance_html"
"Policies_Jetty_V3","FUNC_USER_POLICIES_TOU_P1","TC_DECE_00078_Policies_TOU_Acceptance_text"
"Policies_Jetty_V3","FUNC_USER_POLICIES_TOU_P1","TC_DECE_00079_Policies_TOU_Acceptance_html_lanuguage"
"Policies_Jetty_V3","FUNC_USER_POLICIES_TOU_P1","TC_DECE_00080_Policies_TOU_Acceptance_text_lanuguage"
"Policies_Jetty_V3","FUNC_USER_POLICIES_TOU_P1","TC_DECE_00081_Policies_TOU_Acceptance_html_All_Languages"
"Policies_Jetty_V3","FUNC_USER_POLICIES_TOU_P1","TC_DECE_00082_Policies_TOU_Acceptance_text_All_Languages"
"Policies_Jetty_V3","FUNC_USER_POLICIES_CASE_INSENSITIVE_P2","TC_DECE_00083_Policies_FUNC_BlockUnratedContent_Policy_Case_Insensitive"
"Policies_Jetty_V3","FUNC_USER_POLICIES_CASE_INSENSITIVE_P2","TC_DECE_00084_Policies_FUNC_RatingPolicy_Policy_Case_Insensitive"
"Policies_Jetty_V3","FUNC_USER_POLICIES_CASE_INSENSITIVE_P2","TC_DECE_00085_Policies_FUNC_NoPolicyEnforcement_Policy_Case_Insensitive"
"Policies_Jetty_V3","FUNC_USER_POLICIES_CASE_INSENSITIVE_P2","TC_DECE_00086_Policies_FUNC_AllowAdult_Policy_Case_Insensitive"
"Policies_Jetty_V3","FUNC_USER_POLICIES_CASE_INSENSITIVE_P2","TC_DECE_00087_Policies_FUNC_ManageUserConsent_Policy_Case_Insensitive"
"Policies_Jetty_V3","FUNC_USER_POLICIES_CASE_INSENSITIVE_P2","TC_DECE_00088_Policies_FUNC_UserDataUsageConsent_Policy_Case_Insensitive"
"Policies_Jetty_V3","FUNC_USER_POLICIES_CASE_INSENSITIVE_P2","TC_DECE_00089_Policies_FUNC_UserLinkConsent_Policy_Case_Insensitive"
"Policies_Jetty_V3","FUNC_USER_POLICIES_CASE_INSENSITIVE_P2","TC_DECE_00090_Policies_FUNC_TermsOfUse_Policy_Case_Insensitive"
"Policies_Jetty_V3","FUNC_USER_POLICIES_BASIC_AUTH_P0","TC_DECE_00091_Policies_FUNC_BlockUnratedContent_Policy_BasicAuth"
"Policies_Jetty_V3","FUNC_USER_POLICIES_BASIC_AUTH_P0","TC_DECE_00092_Policies_FUNC_RatingPolicy_Policy_BasicAuth"
"Policies_Jetty_V3","FUNC_USER_POLICIES_BASIC_AUTH_P0","TC_DECE_00093_Policies_FUNC_NoPolicyEnforcement_Policy_BasicAuth"
"Policies_Jetty_V3","FUNC_USER_POLICIES_BASIC_AUTH_P0","TC_DECE_00094_Policies_FUNC_AllowAdult_Policy_BasicAuth"
"Policies_Jetty_V3","FUNC_USER_POLICIES_BASIC_AUTH_P0","TC_DECE_00095_Policies_FUNC_ManageUserConsent_Policy_BasicAuth"
"Policies_Jetty_V3","FUNC_USER_POLICIES_BASIC_AUTH_P0","TC_DECE_00096_Policies_FUNC_UserDataUsageConsent_Policy_BasicAuth"
"Policies_Jetty_V3","FUNC_USER_POLICIES_BASIC_AUTH_P0","TC_DECE_00097_Policies_FUNC_UserLinkConsent_Policy_BasicAuth"
"Policies_Jetty_V3","FUNC_USER_POLICIES_BASIC_AUTH_P0","TC_DECE_00098_Policies_FUNC_TermsOfUse_Policy_BasicAuth"
"Policies_Jetty_V3","FUNC_USER_POLICIES_SAML_DEVICE_P0","TC_DECE_00099_Policies_FUNC_BlockUnratedContent_Policy_SAML_Device"
"Policies_Jetty_V3","FUNC_USER_POLICIES_SAML_DEVICE_P0","TC_DECE_00100_Policies_FUNC_RatingPolicy_Policy_Different_Orgs_SAML_Device"
"Policies_Jetty_V3","FUNC_USER_POLICIES_SAML_DEVICE_P0","TC_DECE_00101_Policies_FUNC_NoPolicyEnforcement_Policy_SAML_Device"
"Policies_Jetty_V3","FUNC_USER_POLICIES_SAML_DEVICE_P0","TC_DECE_00102_Policies_FUNC_AllowAdult_Policy_Different_Orgs_SAML_Device"
"Policies_Jetty_V3","FUNC_USER_POLICIES_SAML_DEVICE_P0","TC_DECE_00103_Policies_FUNC_ManageUserConsent_Policy_SAML_Device"
"Policies_Jetty_V3","FUNC_USER_POLICIES_SAML_DEVICE_P0","TC_DECE_00104_Policies_FUNC_UserDataUsageConsent_Policy_SAML_Device"
"Policies_Jetty_V3","FUNC_USER_POLICIES_SAML_DEVICE_P0","TC_DECE_00105_Policies_FUNC_UserLinkConsent_Policy_SAML_Device"
"Policies_Jetty_V3","FUNC_USER_POLICIES_SAML_DEVICE_P0","TC_DECE_00106_Policies_FUNC_TermsOfUse_Policy_SAML_Device"
"Policies_Jetty_V3","FUNC_USER_POLICIES_GET_P1","TC_DECE_00136_Policies_FUNC_BlockUnratedContent_Policy_GET"
"Policies_Jetty_V3","FUNC_USER_POLICIES_GET_P1","TC_DECE_00137_Policies_FUNC_RatingPolicy_Policy_GET"
"Policies_Jetty_V3","FUNC_USER_POLICIES_GET_P1","TC_DECE_00138_Policies_FUNC_NoPolicyEnforcement_Policy_GET"
"Policies_Jetty_V3","FUNC_USER_POLICIES_GET_P1","TC_DECE_00139_Policies_FUNC_AllowAdult_Policy_GET"
"Policies_Jetty_V3","FUNC_USER_POLICIES_GET_P1","TC_DECE_00140_Policies_FUNC_ManageUserConsent_Policy_GET"
"Policies_Jetty_V3","FUNC_USER_POLICIES_GET_P1","TC_DECE_00141_Policies_FUNC_UserDataUsageConsent_Policy_GET"
"Policies_Jetty_V3","FUNC_USER_POLICIES_GET_P1","TC_DECE_00142_Policies_FUNC_UserLinkConsent_Policy_GET"
"Policies_Jetty_V3","FUNC_USER_POLICIES_GET_P1","TC_DECE_00143_Policies_FUNC_TermsOfUse_Policy_GET"
"Policies_Jetty_V3","FUNC_USER_POLICIES_GET_P1","TC_DECE_00144_Policies_FUNC_BlockUnratedContent_Policy_GET_by_DEVICE_CS"
"Policies_Jetty_V3","FUNC_USER_POLICIES_GET_P1","TC_DECE_00145_Policies_FUNC_PolicyGet_with_MAC"
"Policies_Jetty_V3","FUNC_USER_POLICIES_GET_P1","TC_DECE_00146_Policies_FUNC_PolicyGet_Different_Orgs_at_node_level_with_MAC"
"Policies_Jetty_V3","FUNC_USER_POLICIES_GET_P1","TC_DECE_00147_Policies_FUNC_PolicyGet_Same_Org_at_node_level_with_MAC"
"Policies_Jetty_V3","FUNC_USER_POLICIES_UPDATE_P1","TC_DECE_00148_Policies_FUNC_BlockUnratedContent_Policy_UPDATE"
"Policies_Jetty_V3","FUNC_USER_POLICIES_UPDATE_P1","TC_DECE_00149_Policies_FUNC_RatingPolicy_Policy_UPDATE"
"Policies_Jetty_V3","FUNC_USER_POLICIES_UPDATE_P1","TC_DECE_00150_Policies_FUNC_RatingPolicy_Policy_No_ResourceStatus_UPDATE"
"Policies_Jetty_V3","FUNC_USER_POLICIES_UPDATE_P1","TC_DECE_00151_Policies_FUNC_NoPolicyEnforcement_Policy_UPDATE"
"Policies_Jetty_V3","FUNC_USER_POLICIES_UPDATE_P1","TC_DECE_00152_Policies_FUNC_AllowAdult_Policy_UPDATE"
"Policies_Jetty_V3","FUNC_USER_POLICIES_UPDATE_P1","TC_DECE_00153_Policies_FUNC_ManageUserConsent_Policy_UPDATE"
"Policies_Jetty_V3","FUNC_USER_POLICIES_UPDATE_P1","TC_DECE_00154_Policies_FUNC_UserDataUsageConsent_Policy_UPDATE"
"Policies_Jetty_V3","FUNC_USER_POLICIES_UPDATE_P1","TC_DECE_00155_Policies_FUNC_UserLinkConsent_Policy_UPDATE"
"Policies_Jetty_V3","FUNC_USER_POLICIES_UPDATE_P1","TC_DECE_00156_Policies_FUNC_TermsOfUse_Policy_UPDATE_script_mismatchexpectedreponsecodestatus"
"Policies_Jetty_V3","FUNC_USER_POLICIES_UPDATE_P1","TC_DECE_00157_Policies_FUNC_TermsOfUse_Policy_UPDATE_TOU_UPDATE_GRACE_PERIOD"
"Policies_Jetty_V3","FUNC_USER_POLICIES_UPDATE_P1","TC_DECE_00158_Policies_FUNC_TermsOfUse_Policy_GET_after_UPDATE"
"Policies_Jetty_V3","POLICY_EVAL_P2","TC_DECE_00179_Policies_FUNC_RatingPolicy_All_US_Ratings"
"Policies_Jetty_V3","POLICY_EVAL_P2","TC_DECE_00180_Policies_FUNC_RatingPolicy_All_US_FAB_Ratings"
"Policies_Jetty_V3","POLICY_EVAL_P2","TC_DECE_00181_Policies_FUNC_RatingPolicy_All_GB_Ratings"
"Policies_Jetty_V3","POLICY_EVAL_P2","TC_DECE_00182_Policies_FUNC_RatingPolicy_All_US_GB_Ratings"
"Policies_Jetty_V3","POLICY_EVAL_P2","TC_DECE_00183_Policies_FUNC_RatingPolicy_All_CA_Ratings"
"Policies_Jetty_V3","POLICY_EVAL_P2","TC_DECE_00184_Policies_FUNC_RatingPolicy_All_IE_Ratings"
"Policies_Jetty_V3","POLICY_EVAL_P2","TC_DECE_00185_Policies_FUNC_RatingPolicy_All_AU_Ratings"
"Policies_Jetty_V3","POLICY_EVAL_P2","TC_DECE_00186_Policies_FUNC_RatingPolicy_All_NZ_Ratings"
"Policies_Jetty_V3","POLICY_EVAL_P2","TC_DECE_00187_Policies_FUNC_RatingPolicy_All_FR_Ratings"
"Policies_Jetty_V3","POLICY_EVAL_P2","TC_DECE_00188_Policies_FUNC_RatingPolicy_All_DE_Ratings"
"Policies_Jetty_V3","POLICY_EVAL_P2","TC_DECE_00189_Policies_FUNC_RatingPolicy_All_BE_Ratings"
"Policies_Jetty_V3","POLICY_EVAL_P2","TC_DECE_00190_Policies_FUNC_RatingPolicy_All_LU_FSK_Ratings"
"Policies_Jetty_V3","POLICY_EVAL_P2","TC_DECE_00191_Policies_FUNC_RatingPolicy_All_LU_MOC_Ratings"
"Policies_Jetty_V3","POLICY_EVAL_P2","TC_DECE_00192_Policies_FUNC_RatingPolicy_All_NL_Ratings"
"Policies_Jetty_V3","POLICY_EVAL_P2","TC_DECE_00193_Policies_POL010_COO-RET_UnratedAssets_draft_Clone"
"Policies_Jetty_V3","POLICY_EVAL_P2","TC_DECE_00194_Policies_Content_MPAA_Rated_User_has_No_Rating_and_BUC_Set"
"Policies_Jetty_V3","POLICY_EVAL_P2","TC_DECE_00195_Policies_Content_BBFC_Rated_US_User_has_No_Rating_and_BUC_Set"
"Policies_Jetty_V3","POLICY_EVAL_P2","TC_DECE_00196_Policies_Content_BBFC_Rated_GB_Standard_Youth_User_has_No_Rating_and_BUC_Set_ScriptIssue"
"Policies_Jetty_V3","CACHE_VAL_P1","TC_DECE_00197_Policies_Validate_EntityTag_-_304_Not_Modified"
"Policies_Jetty_V3","CACHE_VAL_P1","TC_DECE_00198_Policies_Verify_Cache_Entry_expired_with_Cache_Max_Age"
"Policies_Jetty_V3","CACHE_VAL_P1","TC_DECE_00199_Policies_Verify_with_old_Etag_after_Update_-_returns_200_OK_Response"
"Policies_Jetty_V3","CACHE_VAL_P1","TC_DECE_00200_Policies_Verify_without_Etag_-_returns_200_OK_Response"
"Policies_Jetty_V3","CACHE_VAL_P1","TC_DECE_00201_Policies_GEO010_COO-RET_UsPolicySetAgeLimit_draft_-_create_and_get_by_different_users_DELETE_-_returns_200_OK_Response_DoNotEnable_ClgTestSteps"
"Policies_Jetty_V3","CACHE_VAL_P1","TC_DECE_00202_Policies_GEO010_COO-RET_UsPolicySetAgeLimit_draft_-_create_and_get_by_different_users_UPDATE_-_returns_200_OK_Response_DoNotEnable_ClgTestSteps"
"Policies_Jetty_V3","CACHE_VAL_P1","TC_DECE_00203_Policies_ULC_Create_at_Org_Level"
"Policies_Jetty_V3","CACHE_VAL_P1","TC_DECE_00204_Policies_ULC_Create_some_at_Org_Level"
"Policies_Jetty_V3","CACHE_VAL_P1","TC_DECE_00205_Policies_-_Validate_Last-Modified_-_200_OK"
"Policies_Jetty_V3","CACHE_VAL_P1","TC_DECE_00206_Policies_-_Create_Get_by_MANUAL"
"Policies_Jetty_V3","CACHE_VAL_P1","TC_DECE_00207_Policies_If_Match_412_Precondition_Failed_Update"
"Policies_Jetty_V3","CACHE_VAL_P1","TC_DECE_00208_Policies_If_Unmodified_Since_412_Precodition_Failed"
"Policies_Jetty_V3","CACHE_VAL_P1","TC_DECE_00209_Policies_IfNoneMatch_Delete_OK"
"Policies_Jetty_V3","CACHE_VAL_P1","TC_DECE_00210_Policies_Create_Update_on_P_Get_on_P_By_Different_Node_By_Id"
"Policies_Jetty_V3","CACHE_VAL_P1","TC_DECE_00211_Policies_Create_Update_on_P_Get_on_P_By_Different_Node_By_Class"
"Policies_Jetty_V3","CACHE_VAL_LIST_P1","TC_DECE_00212_Policies_Validate_EntityTag_-_304_Not_Modified"
"Policies_Jetty_V3","CACHE_VAL_LIST_P1","TC_DECE_00213_Policies_Verify_Cache_Entry_expired_with_Cache_Max_Age"
"Policies_Jetty_V3","CACHE_VAL_LIST_P1","TC_DECE_00214_Policies_Verify_with_old_Etag_-_returns_200_OK_Response"
"Policies_Jetty_V3","CACHE_VAL_LIST_P1","TC_DECE_00215_Policies_Verify_without_Etag_-_returns_200_OK_Response"
"Policies_Jetty_V3","CACHE_VAL_LIST_P1","TC_DECE_00216_Policies_GEO010_COO-RET_UsPolicySetAgeLimit_draft_-_create_and_get_by_different_users_DELETE_-_returns_200_OK_Response_DoNotEnable_ChildDoesNotWorkNow"
"Policies_Jetty_V3","CACHE_VAL_LIST_P1","TC_DECE_00217_Policies_GEO010_COO-RET_UsPolicySetAgeLimit_draft_-_create_and_get_by_different_users_UPDATE_-_returns_200_OK_Response_DoNotEnable_ChildDoesNotWorkNow"
"Policies_Jetty_V3","CACHE_VAL_LIST_P1","TC_DECE_00218_Policies_ULC_Create_at_Org_Level"
"Policies_Jetty_V3","CACHE_VAL_LIST_P1","TC_DECE_00219_Policies_ULC_Create_some_at_Org_Level"
"Policies_Jetty_V3","CACHE_VAL_LIST_P1","TC_DECE_00220_Policies_-_Validate_Last-Modified_-_200_OK"
"Policies_Jetty_V3","CACHE_VAL_LIST_P1","TC_DECE_00221_Policies_If_Match_412_Precondition_Failed_Update"
"Policies_Jetty_V3","CACHE_VAL_LIST_P1","TC_DECE_00222_Policies_If_unModified_Since_412_Precondition_Failed_Update"
"Policies_Jetty_V3","CACHE_VAL_LIST_P1","TC_DECE_00223_Policies_PolicyGetList_-_Validate_Last-Modified_-_304_Not_Modified"
"Policies_Jetty_V3","CACHE_VAL_LIST_P1","TC_DECE_00224_Policies_IfNoneMatch_Delete_OK"
"Policies_Jetty_V3","CACHE_RESOURCES_P1","TC_DECE_00225_Policies_AccountMerge_1+1_Active_Users_1_both_survived_MANUAL"
"Policies_Jetty_V3","CACHE_RESOURCES_P1","TC_DECE_00226_Policies_AccountMerge_2+1_Active_Users_1_from_each_survived"
"Policies_Jetty_V3","CACHE_RESOURCES_P1","TC_DECE_00227_Policies_AccountMerge_Child_User_Retired_DoNotEnable_ChildCaseAreNotValidNow"
"Policies_Jetty_V3","CACHE_RESOURCES_P1","TC_DECE_00228_Policies_Validate_eTag_Store_-_All_Account"
"Policies_Jetty_V3","CACHE_RESOURCES_P1","TC_DECE_00229_Policies_Validate_eTag_Store_-_All_User-IssueWithListCrate_NeedToCheck_DoNotEnable_ChildCaseAreNotValidNow"
"Policies_Jetty_V3","CACHE_D_HOST_P1","TC_DECE_00230_Policies_Create_Update_on_P_Get_on_D_By_Id_SAML_Device"
"Policies_Jetty_V3","CACHE_D_HOST_P1","TC_DECE_00231_Policies_Create_Update_on_P_Get_on_D_By_Id_BasicAuth"
"Policies_Jetty_V3","CACHE_D_HOST_P1","TC_DECE_00232_Policies_Create_Update_on_P_Get_on_D_By_Class_SAML_Device"
"Policies_Jetty_V3","CACHE_D_HOST_P1","TC_DECE_00233_Policies_Create_Update_on_P_Get_on_D_By_Class_BasicAuth"
"Policies_Jetty_V3","CACHE_D_HOST_P1","TC_DECE_00234_Policies_Create_Update_on_D_Get_on_D_By_Id_SAML_Device"
"Policies_Jetty_V3","CACHE_D_HOST_P1","TC_DECE_00235_Policies_Create_Update_on_D_Get_on_D_By_Id_BasicAuth"
"Policies_Jetty_V3","CACHE_D_HOST_P1","TC_DECE_00236_Policies_Create_Update_on_D_Get_on_D_By_Class_SAML_Device"
"Policies_Jetty_V3","CACHE_D_HOST_P1","TC_DECE_00237_Policies_Create_Update_on_D_Get_on_D_By_Class_BasicAuth"
"Policies_Jetty_V3","CACHE_HEADERS_CHECK_P1","Check cache headers"
"Policies_Jetty_V3","ISC_ACCEPTANCE_R3_P1","TC_DECE_00238_Policies_ISC_Acceptance_R3_POL018_COO_AutomatedPolicyCreation_draft"
"Policies_Jetty_V3","ISC_ACCEPTANCE_R3_P1","TC_DECE_00239_Policies_ISC_Acceptance_R3_POL020_COO_EnableUserDataUsageConsentDependencies_draft"
"Policies_Jetty_V3","ISC_ACCEPTANCE_R3_P1","TC_DECE_00240_Policies_ISC_Acceptance_R3_GEO039_COO_AuDefaultUser_DoNotEnable (YouthUser)"
"Policies_Jetty_V3","ISC_ACCEPTANCE_R3_P1","TC_DECE_00241_Policies_ISC_Acceptance_R3_GEO040_COO_IeDefaultUser_DoNotEnable (YouthUser)"
"Policies_Jetty_V3","ISC_ACCEPTANCE_R3_P1","TC_DECE_00242_Policies_ISC_Acceptance_R3_GEO041_COO_NzDefaultUser_DoNotEnable (YouthUser)"
"Policies_Jetty_V3","ISC_ACCEPTANCE_R3_P1","TC_DECE_00243_Policies_ISC_Acceptance_R3_POL031_COO_Dependent"
"Policies_Jetty_V3","ISC_ACCEPTANCE_R3_P1","TC_DECE_00244_Policies_ISC_Acceptance_R3_SEC053_COO_DurationDefault_draft"
"Policies_Jetty_V3","ISC_ACCEPTANCE_R3_P1","TC_DECE_00245_Policies_ISC_Acceptance_R3_SEC054_COO_DelegationAndUserStatus"
"Policies_Jetty_V3","ISC_ACCEPTANCE_R3_P1","TC_DECE_00246_Policies_ISC_Acceptance_R3_WEB003_COO_PolicyCreate_draft_MANUAL"
"Policies_Jetty_V3","ISC_ACCEPTANCE_R3_P1","TC_DECE_00247_Policies_ISC_Acceptance_R3_WEB001_COO_PolicyList_draft_MANUAL"
"Policies_Jetty_V3","ISC_ACCEPTANCE_R3_P1","TC_DECE_00248_Policies_ISC_Acceptance_R3_GEN022_COO_CacheResponseDirectives_roughdraft"
"Policies_Jetty_V3","ISC_ACCEPTANCE_R3_P1","TC_DECE_00249_Policies_ISC_Acceptance_R3_SYS606_DEV_UpdateLicAppHandle_v0.01"
"Policies_Jetty_V3","ISC_ACCEPTANCE_R3_P1","TC_DECE_00250_Policies_ISC_Acceptance_R3_SEC040_COO_NodeAuthorization_draft"
"Policies_Jetty_V3","ISC_ACCEPTANCE_R3_P1","TC_DECE_00251_Policies_ISC_Acceptance_R3_STS_PolicyGet_Cache_Issue_Sequence_1"
"Policies_Jetty_V3","ISC_ACCEPTANCE_R3_P1","TC_DECE_00252_Policies_ISC_Acceptance_R3_STS_PolicyGet_Cache_Issue_Sequence_2"
"Policies_Jetty_V3","ISC_ACCEPTANCE_R3_P1","TC_DECE_00253_Policies_ISC_Acceptance_R3_STS_PolicyGet_Cache_Issue_Sequence_3"
"Policies_Jetty_V3","ISC_ACCEPTANCE_R3_P1","TC_DECE_00254_Policies_ISC_Acceptance_R3_STS_PolicyGet_Cache_Issue_Sequence_4"
"Policies_Jetty_V3","ISC_ACCEPTANCE_R3_P1","TC_DECE_00255_Policies_ISC_Acceptance_R3_STS_PolicyGet_Cache_Issue_Sequence_5"
"Policies_Jetty_V3","ISC_ACCEPTANCE_R3_P1","TC_DECE_00256_Policies_ISC_Acceptance_R3_STS_PolicyGet_Cache_Issue_Sequence_6"
"Policies_Jetty_V3","ISC_ACCEPTANCE_R3_P1","TC_DECE_00257_Policies_ISC_Acceptance_R3_STS_PolicyGet_Cache_Issue_Sequence_7"
"Policies_Jetty_V3","ISC_ACCEPTANCE_R3_P1","TC_DECE_00258_Policies_ISC_Acceptance_R3_STS_PolicyGet_Cache_Issue_Sequence_8"
"Policies_Jetty_V3","ISC_ACCEPTANCE_R3_P1","TC_DECE_00259_Policies_PROD_Create_by_RET_Delete_by_DLASP"
"Policies_Jetty_V3","ISC_ACCEPTANCE_R3_P1","TC_DECE_00260_Policies_PROD_Create_by_RET_Delete_by_different_org_RET_with_MAC_MANUAL"
"Policies_Jetty_V3","ISC_ACCEPTANCE_R3_P1","TC_DECE_00261_Policies_ISC_Acceptance_R3_POL055_PolicyList_ETag_Change_after_MUC_Deletion_by_WebPortal_MANUAL"
"Policies_Jetty_V3","POST and PUT calls on Query Host_P1","Post_Put call on Query Host check"
"Policies_Jetty_V3","COORD-397_Add new policies using policyListUpdate_P1","Add ULC using PolicyListUpdate"
"Policies_Jetty_V3","COORD-397_Add new policies using policyListUpdate_P1","Add MUC using PolicyListUpdate"
"Policies_Jetty_V3","COORD-397_Add new policies using policyListUpdate_P1","Add UDUC using PolicyListUpdate"
"Policies_Jetty_V3","COORD-397_Add new policies using policyListUpdate_P1","Add Allow Adult Policy using PolicyListUpdate"
"Policies_Jetty_V3","COORD-397_Add new policies using policyListUpdate_P1","ListCreate MUC - ListUpdate UDUC - (FAIL - COORD-962) -  Fixed"
"Policies_Jetty_V3","COORD-397_Add new policies using policyListUpdate_P1","ListCreate UDUC - ListUpdate MUC"
"Policies_Jetty_V3","COORD-559_Including TOU in PolicyListUpdate_P1","COORD - 559 DEV"
"Policies_Jetty_V3","COORD-559_Including TOU in PolicyListUpdate_P1","COORD-559_QA"
"Policies_Jetty_V3","COORD-562_PolicyListUpdate deletes TOU policy_P1","COORD - 362 DEV"
"Policies_Jetty_V3","COORD-562_PolicyListUpdate deletes TOU policy_P1","COORD-562_QA"
"Policies_Jetty_V3","COORD-633 (Flipping limit check)_P1","COORD-633 - Check LLASP flip limit_ Manual"
"Policies_Jetty_V3","COORD-633 (Flipping limit check)_P1","DE0077 (COORD-1791) Omitting <RequestingEntity>in PolicyListCreate"
"Policies_Jetty_V3","COORD-633 (Flipping limit check)_P1","COORD-1568 - Including Terms Of Use Policy in a Policy List prevents PolicyUpdate for the List"
"Policies_Jetty_V3","COORD-633 (Flipping limit check)_P1","Copy of POL446 fail check"
"Policies_Jetty_V3","COORD-963 (PolicyListUpdate with Requesting entities)_P1","COORD-963 (Base Test Case) MUC"
"Policies_Jetty_V3","COORD-963 (PolicyListUpdate with Requesting entities)_P1","Check for ULC"
"Policies_Jetty_V3","COORD-963 (PolicyListUpdate with Requesting entities)_P1","Check for UDUC"
"Policies_Jetty_V3","COORD-963 (PolicyListUpdate with Requesting entities)_P1","Check for MAC"
"Policies_Jetty_V3","COORD-963 (PolicyListUpdate with Requesting entities)_P1","Updating multiple user level policies"
"Policies_Jetty_V3","COORD-963 (PolicyListUpdate with Requesting entities)_P1","Updating multiple user level policies with multiple <RequestingEntities>"
"Policies_Jetty_V3","COORD-963 (PolicyListUpdate with Requesting entities)_P1","Adding account level policies with multiple <RequestingEntities>"
"Policies_Jetty_V3","COORD-963 (PolicyListUpdate with Requesting entities)_P1","Adding user level policies with multiple <RequestingEntities>"
"Policies_Jetty_V3","COORD-963 (PolicyListUpdate with Requesting entities)_P1","Adding/Updating User level policies with multiple <RequestingEntities>"
"Policies_Jetty_V3","COORD-963 (PolicyListUpdate with Requesting entities)_P1","Adding/Updating Account level policies with multiple <RequestingEntities>"
"Policies_Jetty_V3","COORD-1271 (AccountUserPolicyCreate)_P1","Positive-AccountUserPolicy Create with TOU and ULC"
"Policies_Jetty_V3","COORD-1271 (AccountUserPolicyCreate)_P1","Negative - Check on 1_11"
"Policies_Jetty_V3","COORD-1271 (AccountUserPolicyCreate)_P1","Positive-AccountUserPolicy Create with TOU only"
"Policies_Jetty_V3","COORD-1271 (AccountUserPolicyCreate)_P1","Negative-AccountUserPolicy Create with ULC only"
"Policies_Jetty_V3","COORD-1271 (AccountUserPolicyCreate)_P1","Negative -AccountUserPolicy Create with TOU and MUC"
"Policies_Jetty_V3","COORD-1271 (AccountUserPolicyCreate)_P1","Negative -AccountUserPolicy Create with TOU and UDUC"
"Policies_Jetty_V3","COORD-1271 (AccountUserPolicyCreate)_P1","Negative -AccountUserPolicy Create with TOU and RatingPolicy"
"Policies_Jetty_V3","COORD-1271 (AccountUserPolicyCreate)_P1","Negative -AccountUserPolicy Create with TOU and MAC - FAIL DUE TO COORD-1972"
"Policies_Jetty_V3","COORD-1271 (AccountUserPolicyCreate)_P1","Negative -AccountUserPolicy Create with TOU and EMUC"
"Policies_Jetty_V3","COORD-1271 (AccountUserPolicyCreate)_P1","Negative -AccountUserPolicy Create with TOU and EUDUC"
"Policies_Jetty_V3","COORD-1271 (AccountUserPolicyCreate)_P1","Negative -AccountUserPolicy Create with TOU and LVAC"
"Policies_Jetty_V3","COORD-1271 (AccountUserPolicyCreate)_P1","Positive-AccountUserPolicy Create with TOU and ULC [Multiple requesting entities]"
"Policies_Jetty_V3","COORD-1271 (AccountUserPolicyCreate)_P1","Negative -AccountUserPolicy Create with TOU and invalid ULC"
"Policies_Jetty_V3","COORD-1271 (AccountUserPolicyCreate)_P1","Positive-AccountUserPolicy Create with TOU and ULC (order independent)"
"Policies_Jetty_V3","COORD-1271 (AccountUserPolicyCreate)_P1","Negative - AccountUserPolicy Create with TOU and ULC and MUC"
"Policies_Jetty_V3","COORD-1271 (AccountUserPolicyCreate)_P1","Positive-AccountUserPolicy Create with incorrect TOU and ULC _1_11 (should be ignored)"
"Policies_Jetty_V3","COORD-1271 (AccountUserPolicyCreate)_P1","Positive-AccountUserPolicy Create without any policy (AccUserCreate API behavior)"
"Policies_Jetty_V3","COORD-1271 (AccountUserPolicyCreate)_P1","RERUNNING SAME API"
"Policies_Jetty_V3","COORD-1936_Discrete policyUpdate_ Add requestingEntity_P1","COORD-1936 base test case"
"Policies_Jetty_V3","COORD-1936_Discrete policyUpdate_ Add requestingEntity_P1","MUC update - Add requesting entity - RETCS1"
"Policies_Jetty_V3","COORD-1936_Discrete policyUpdate_ Add requestingEntity_P1","ULC update - Add requesting entity - RETCS1"
"Policies_Jetty_V3","COORD-1936_Discrete policyUpdate_ Add requestingEntity_P1","UDUC update - Add requesting entity - RETCS1"
"Policies_Jetty_V3","COORD-1936_Discrete policyUpdate_ Add requestingEntity_P1","MAC update - Add requesting entity  - RETCS1"
"Policies_Jetty_V3","COORD-1936_Discrete policyUpdate_ Add requestingEntity_P1","EMUC update - Add requesting entity  - RETCS1"
"Policies_Jetty_V3","COORD-1936_Discrete policyUpdate_ Add requestingEntity_P1","EUDUC update - Add requesting entity  - RETCS1"
"Policies_Jetty_V3","COORD-1936_Discrete policyUpdate_ Add requestingEntity_P1","LVAC update - Add requesting entity  - RETCS1"
"Policies_Jetty_V3","COORD-1936_Discrete policyUpdate_ Add requestingEntity_P1","MUC update - Add multipe requesting entities"
"Policies_Jetty_V3","COORD-1936_Discrete policyUpdate_ Add requestingEntity_P1","ULC update - Add multiple requesting entities"
"Policies_Jetty_V3","COORD-1936_Discrete policyUpdate_ Add requestingEntity_P1","UDUC update - Add multiple requesting entities"
"Policies_Jetty_V3","COORD-1936_Discrete policyUpdate_ Add requestingEntity_P1","MAC update - Add multiple requesting entities"
"Policies_Jetty_V3","COORD-1936_Discrete policyUpdate_ Add requestingEntity_P1","EMUC update - Add multiple requesting entities"
"Policies_Jetty_V3","COORD-1936_Discrete policyUpdate_ Add requestingEntity_P1","EUDUC update - Add multiple requesting entities"
"Policies_Jetty_V3","COORD-1936_Discrete policyUpdate_ Add requestingEntity_P1","LVAC update - Add multiple requesting entities"
"Policies_Jetty_V3","CONTENT TYPE _ P2","Different Content Type - application/xml;charset=utf-8"
"Policies_Jetty_V3","PROD ISSUES_P1","COORD-2436 base for automation"
"Policies_Jetty_V3","PROD ISSUES_P1","ULC deletion for DLASP using PORTAL role"
"Policies_Jetty_V3","PROD ISSUES_P1","ULC deletion for DLASP using PORTAL:CS role"
"Policies_Jetty_V3","PROD ISSUES_P1","ULC deletion for DLASP using DECE:CS role"
"Policies_Jetty_V3","PROD ISSUES_P1","Base scenario using PolicyListDelete"
"Policies_Jetty_V3","PROD ISSUES_P1","ULC Delete for one of the nodes in audience"
"Policies_Jetty_V3","PROD ISSUES_P1","ULC Delete for the nodes who has created the SAML"
"Policies_Jetty_V3","PROD ISSUES_P1","Verizon check  for ULC"
"Policies_Jetty_V3","PolicyListCreate_P0","PolicyListCreate - portal - 201 Created"
"Policies_Jetty_V3","PolicyListCreate_P0","PolicyListCreate - portal:cs - 201 Created"
"Policies_Jetty_V3","PolicyListCreate_P0","PolicyListCreate - dece:cs - 201 Created"
"Policies_Jetty_V3","PolicyListCreate_P0","PolicyListCreate - retailer - 201 Created"
"Policies_Jetty_V3","PolicyListCreate_P0","PolicyListCreate - retailer:cs - 201 Created"
"Policies_Jetty_V3","PolicyListCreate_P0","PolicyListCreate - access - 201 Created"
"Policies_Jetty_V3","PolicyListCreate_P0","PolicyListCreate - access:cs - 201 Created"
"Policies_Jetty_V3","PolicyListCreate_P0","PolicyListCreate - LLASP - 201 Created"
"Policies_Jetty_V3","PolicyListCreate_P0","PolicyListCreate - LLASP:CS - 201 Created"
"Policies_Jetty_V3","PolicyListCreate_P0","PolicyListCreate - DLASP - 201 Created"
"Policies_Jetty_V3","PolicyListCreate_P0","PolicyListCreate - DLASP:CS - 201 Created"
"Policies_Jetty_V3","PolicyListCreate_P0","PolicyListCreate - DEV - 201 Created"
"Policies_Jetty_V3","PolicyListCreate_P0","PolicyListCreate - DEV:CS - 403 Forbidden"
"Policies_Jetty_V3","PolicyListCreate_P0","PolicyListCreate - DSP - 403 Forbidden"
"Policies_Jetty_V3","PolicyListCreate_P0","PolicyListCreate - DSP:CS - 403 Forbidden"
"Policies_Jetty_V3","PolicyListCreate_P0","PolicyListCreate - COO - 403 Forbidden"
"Policies_Jetty_V3","PolicyListCreate_P0","PolicyListCreate - CON - 403 Forbidden"
"Policies_Jetty_V3","PolicyListCreate_P0","MUC PolicyListCreate for user whithout EMUC set- 201 Created"
"Policies_Jetty_V3","PolicyListCreate_P0","UDUC PolicyListCreate for user whithout EUDUC set- 403 Forbidden - Failing"
"Policies_Jetty_V3","PolicyListCreate_P0","InvalidAccountId"
"Policies_Jetty_V3","PolicyListCreate_P0","InvalidUserId"
"Policies_Jetty_V3","PolicyListCreate_P0","Inlcuding policyId tag in request"
"Policies_Jetty_V3","PolicyListCreate_P0","PolicyListCreate - Single Policy - MUC"
"Policies_Jetty_V3","PolicyListCreate_P0","PolicyListCreate - Single Policy - UDUC"
"Policies_Jetty_V3","PolicyListCreate_P0","PolicyListCreate - Single Policy - ULC"
"Policies_Jetty_V3","PolicyListCreate_P0","PolicyListCreate - Single Policy - EMUC"
"Policies_Jetty_V3","PolicyListCreate_P0","PolicyListCreate - Single Policy - EUDUC"
"Policies_Jetty_V3","PolicyListCreate_P0","PolicyListCreate - Single Policy - MAC"
"Policies_Jetty_V3","PolicyListCreate_P0","PolicyListCreate - Single Policy - LVAC"
"Policies_Jetty_V3","PolicyListCreate_P0","PolicyListCreate - Multiple Policies - EMUC MAC"
"Policies_Jetty_V3","PolicyListCreate_P0","PolicyListCreate - Multiple Policies - EUDUC MAC"
"Policies_Jetty_V3","PolicyListCreate_P0","PolicyListCreate - Multiple Policies - LVAC MAC"
"Policies_Jetty_V3","PolicyListCreate_P0","PolicyListCreate - Multiple Policies - EMUC EUDUC LVAC MAC"
"Policies_Jetty_V3","PolicyListCreate_P0","PolicyListCreate - Multiple Policies - MUC ULC UDUC"
"Policies_Jetty_V3","PolicyListCreate_P0","PolicyListCreate - Same Policies in Request - MAC MAC"
"Policies_Jetty_V3","PolicyListCreate_P0","PolicyListCreate - Same Policies in Request  - ULC ULC"
"Policies_Jetty_V3","PolicyListCreate_P0","AccountLevel Policy in User level policyListCreate"
"Policies_Jetty_V3","PolicyListCreate_P0","UserLevel Policy in Account level policyListCreate"
"Policies_Jetty_V3","PolicyListCreate_P0","PolicyListCreate - Single Policy - DataSharingConsent- 400 Bad Request"
"Policies_Jetty_V3","PolicyListCreate_P0","PolicyListCreate - Multiple Policies - ULC DSC-  400 Bad Request"
"Policies_Jetty_V3","PolicyListCreate_P0","PolicyListCreate - Multiple Policies - MAC DSC - 400 Bad Request"
"Policies_Jetty_V3","PolicyListCreate_P0","PolicyListCreate - TOU not accepted - 403 Forbidden"
"Policies_Jetty_V3","PolicyListCreate_P0","PolicyListCreate - Multiple Policies - TOU last in list (order indepedent)"
"Policies_Jetty_V3","PolicyListCreate_P0","PolicyListCreate for existing policies - Account level"
"Policies_Jetty_V3","PolicyListCreate_P0","PolicyListCreate for existing policies - User level"
"Policies_Jetty_V3","PolicyListCreate_P0","PolicyListCreate - without ResourceStatus tag - Account level"
"Policies_Jetty_V3","PolicyListCreate_P0","PolicyListCreate - without ResourceStatus tag - User level"
"Policies_Jetty_V3","PolicyListCreate_P0","PolicyListCreate - invalid ResourceStatus tag - Account level"
"Policies_Jetty_V3","PolicyListCreate_P0","PolicyListCreate - invalid ResourceStatus tag - User level"
"Policies_Jetty_V3","PolicyListCreate_P0","PolicyListCreate - Combination of VALID and INVALID policies - omitting requesting entity - 400 Bad Request"
"Policies_Jetty_V3","PolicyListCreate_P0","PolicyListCreate - Combination of VALID and INVALID policies - omitting resource tag - 400 Bad Request (COORD-3024)"
"Policies_Jetty_V3","PolicyListCreate_P0","PolicyListCreate - Combination of VALID and INVALID policies - omitting resource tag and requesting entity - 400 Bad Request"
"Policies_Jetty_V3","PolicyListCreate_P0","PolicyListCreate - Combination of VALID and INVALID policies - omitting policyClass - 400 Bad Request"
"Policies_Jetty_V3","PolicyListCreate_P0","PolicyListCreate - Combination of VALID and INVALID policies - omitting policyAuthority - 201 Created (COORD default policyAuthority)"
"Policies_Jetty_V3","PolicyListCreate_P0","PolicyListCreate - Combination of VALID and INVALID policies - invalid policyAuthority (urn....123) - 400 Bad request"
"Policies_Jetty_V3","PolicyListCreate_P0","AccountLevel- Combination of VALID and INVALID policies - omitting requesting entity - 400 Bad Request"
"Policies_Jetty_V3","PolicyListCreate_P0","AccountLevel - Combination of VALID and INVALID policies - omitting resource tag - 400 Bad Request"
"Policies_Jetty_V3","PolicyListCreate_P0","AccountLevel - Combination of VALID and INVALID policies - omitting requesting entity and resource tag - 400 Bad Request"
"Policies_Jetty_V3","PolicyListCreate_P0","AccountLevel - Combination of VALID and INVALID policies - omitting policyClass - 400 Bad Request"
"Policies_Jetty_V3","PolicyListCreate_P0","AccountLevel - Combination of VALID and INVALID policies - omitting policyAuthority - 201 Created (COORD default policyAuthority)"
"Policies_Jetty_V3","PolicyListCreate_P0","AccountLevel - Combination of VALID and INVALID policies - invalid policyAuthority (urn....123) - 400 Bad request"
"Policies_Jetty_V3","PolicyListCreate_P0","PolicyListCreate - User level - Multiple Policies with multiple requesting entities same org"
"Policies_Jetty_V3","PolicyListCreate_P0","PolicyListCreate - Account level - Multiple Policies with multiple requesting entities from same org"
"Policies_Jetty_V3","PolicyListCreate_P0","PolicyListCreate - Account level - invalid requesting entity"
"Policies_Jetty_V3","PolicyListCreate_P0","PolicyListCreate - Account level - invalid resource - COORD-3024"
"Policies_Jetty_V3","PolicyListCreate_P0","PolicyListCreate - User level - invalid requesting entity - COORD-3024"
"Policies_Jetty_V3","PolicyListCreate_P0","PolicyListCreate - Account level - Multiple Policies with multiple requesting entities from diff org - 400 Bad Request"
"Policies_Jetty_V3","PolicyListCreate_P0","PolicyListCreate - User level - Multiple Policies with multiple requesting entities diff org - 400 Bad request"
"Policies_Jetty_V3","PolicyListUpdate_P0","PolicyListUpdate  - portal - 200 OK"
"Policies_Jetty_V3","PolicyListUpdate_P0","PolicyListUpdate  - portal:cs - 200 OK"
"Policies_Jetty_V3","PolicyListUpdate_P0","PolicyListUpdate  - dece:cs - 200 OK"
"Policies_Jetty_V3","PolicyListUpdate_P0","PolicyListUpdate  - retailer - 200 OK"
"Policies_Jetty_V3","PolicyListUpdate_P0","PolicyListUpdate  - retailer:cs - 200 OK"
"Policies_Jetty_V3","PolicyListUpdate_P0","PolicyListUpdate  - ACCESS - 200 OK"
"Policies_Jetty_V3","PolicyListUpdate_P0","PolicyListUpdate  - ACCESS_CS - 200 OK"
"Policies_Jetty_V3","PolicyListUpdate_P0","PolicyListUpdate  - LLASP - 200 OK"
"Policies_Jetty_V3","PolicyListUpdate_P0","PolicyListUpdate  - LLASP_CS - 200 OK"
"Policies_Jetty_V3","PolicyListUpdate_P0","PolicyListUpdate  - DLASP - 200 OK"
"Policies_Jetty_V3","PolicyListUpdate_P0","PolicyListUpdate  - DLASP_CS - 200 OK"
"Policies_Jetty_V3","PolicyListUpdate_P0","PolicyListUpdate  - DEV - 403 Forbidden"
"Policies_Jetty_V3","PolicyListUpdate_P0","PolicyListUpdate  - DEV:CS - 403 Forbidden"
"Policies_Jetty_V3","PolicyListUpdate_P0","PolicyListUpdate  - DSP_CS - 403 Forbidden"
"Policies_Jetty_V3","PolicyListUpdate_P0","PolicyListUpdate  - DSP - 403 Forbidden"
"Policies_Jetty_V3","PolicyListUpdate_P0","Invalid AccountId"
"Policies_Jetty_V3","PolicyListUpdate_P0","Invalid UserId"
"Policies_Jetty_V3","PolicyListUpdate_P0","Invalid policyListId"
"Policies_Jetty_V3","PolicyListUpdate_P0","Not including PolicyId tag for existing Policy - User - 400 Bad Request"
"Policies_Jetty_V3","PolicyListUpdate_P0","Not including PolicyId tag for existing Policy - Account - 400 Bad Request"
"Policies_Jetty_V3","PolicyListUpdate_P0","Including PolicyId tag for new Policy - Account - 400 Bad Request - FAIL"
"Policies_Jetty_V3","PolicyListUpdate_P0","Including PolicyId tag for new Policy - User - 400 Bad Request - FAIL"
"Policies_Jetty_V3","PolicyListUpdate_P0","Hitting same policyUpdateList Call multiple times - User"
"Policies_Jetty_V3","PolicyListUpdate_P0","Hitting same policyUpdateList Call multiple times - Account"
"Policies_Jetty_V3","PolicyListUpdate_P0","Adding User level policy in account level polictListUpdate call - 400 Bad Request - FAIL"
"Policies_Jetty_V3","PolicyListUpdate_P0","Adding Account level policy in user level polictListUpdate call - 400 Bad Request - FAIL"
"Policies_Jetty_V3","PolicyListUpdate_P0","Updating User level policy in account level polictListUpdate call - 400 Bad Request - Need to complete"
"Policies_Jetty_V3","PolicyListUpdate_P0","Updating Account level policy in user level polictListUpdate call - 400 Bad Request - Need to complete"
"Policies_Jetty_V3","PolicyListUpdate_P0","Adding DSC policy using policyListUpdate call - 400 Bad Request"
"Policies_Jetty_V3","PolicyListUpdate_P0","Adding existing policy using PolicyListUpdateCall - Account level - FAIL"
"Policies_Jetty_V3","PolicyListUpdate_P0","Adding existing policy using PolicyListUpdateCall - User level"
"Policies_Jetty_V3","PolicyListUpdate_P0","User level- UpdateSinglePolicy - UDUC - 200 OK"
"Policies_Jetty_V3","PolicyListUpdate_P0","User level- UpdateSinglePolicy - MUC - 200 OK"
"Policies_Jetty_V3","PolicyListUpdate_P0","Account level- UpdateSinglePolicy - LVAC - 200 OK"
"Policies_Jetty_V3","PolicyListUpdate_P0","Account level- UpdateSinglePolicy - EMUC - 200 OK"
"Policies_Jetty_V3","PolicyListUpdate_P0","Account level- UpdateSinglePolicy - EUDUC - 200 OK"
"Policies_Jetty_V3","PolicyListUpdate_P0","Account level- UpdateSinglePolicy - MAC - 200 OK"
"Policies_Jetty_V3","PolicyListUpdate_P0","User level- AddSinglePolicy - MUC - 200 OK"
"Policies_Jetty_V3","PolicyListUpdate_P0","User level- AddSinglePolicy - ULC - 200 OK"
"Policies_Jetty_V3","PolicyListUpdate_P0","User level- AddSinglePolicy - UDUC - 200 OK"
"Policies_Jetty_V3","PolicyListUpdate_P0","Account level- AddSinglePolicy - LVAC - 200 OK"
"Policies_Jetty_V3","PolicyListUpdate_P0","Account level- AddSinglePolicy - EMUC - 200 OK"
"Policies_Jetty_V3","PolicyListUpdate_P0","Account level- AddSinglePolicy - EUDUC - 200 OK"
"Policies_Jetty_V3","PolicyListUpdate_P0","Account level- AddSinglePolicy - MAC - 200 OK"
"Policies_Jetty_V3","PolicyListUpdate_P0","User level - Add MUC - Update ULC - 200 OK (FAIL - COORD-962) - Fixed"
"Policies_Jetty_V3","PolicyListUpdate_P0","User level - Add ULC - Update UDUC - 200 OK (FAIL - COORD-962)- Fixed"
"Policies_Jetty_V3","PolicyListUpdate_P0","User level - Add UDUC - Update MUC - 200 OK (FAIL - COORD-962)- Fixed"
"Policies_Jetty_V3","PolicyListUpdate_P0","Account level - Add MAC - Update LVAC - 200 OK (FAIL - COORD-962)- Fixed"
"Policies_Jetty_V3","PolicyListUpdate_P0","Account level - Add EMUC - Update MAC - 200 OK (FAIL - COORD-962)- Fixed"
"Policies_Jetty_V3","PolicyListUpdate_P0","Account level - Add EUDUC - Update EMUC - 200 OK (FAIL - COORD-962)- Fixed"
"Policies_Jetty_V3","PolicyListUpdate_P0","Account level - Add LVAC - Update EUDUC - 200 OK (FAIL - COORD-962)- Fixed"
"Policies_Jetty_V3","PolicyListUpdate_P0","User level- AddMultiplePolicies - MUC and UDUC - 200 OK"
"Policies_Jetty_V3","PolicyListUpdate_P0","Account level- AddMultiplePolicies - EMUC, MAC and LVAC - 200 OK"
"Policies_Jetty_V3","PolicyListUpdate_P0","Creating and updating PC:AllowAdult policy"
"Policies_Jetty_V3","PolicyListUpdate_P0","Adding PC:AllowAdult policy using PolicyListUpdate"
"Policies_Jetty_V3","PolicyListUpdate_P0","PolicyListUpdate  - User - without resource status Tag 200 OK"
"Policies_Jetty_V3","PolicyListUpdate_P0","PolicyListUpdate  - Account - without resource status Tag 200 OK"
"Policies_Jetty_V3","PolicyListUpdate_P0","PolicyListUpdate  - User - Invalid resource status Tag - 403 Forbidden"
"Policies_Jetty_V3","PolicyListUpdate_P0","PolicyListUpdate  - Account - invalid resource status Tag 403 Forbidden"
"Policies_Jetty_V3","PolicyListUpdate_P0","PolicyListUpdate  - User - Invalid resource - 400 bad request"
"Policies_Jetty_V3","PolicyListUpdate_P0","PolicyListUpdate  - Account - invalid resource - 400 bad request"
"Policies_Jetty_V3","PolicyListUpdate_P0","PolicyListUpdate  - User - Invalid requesting entity -  404 Not Found"
"Policies_Jetty_V3","PolicyListUpdate_P0","PolicyListUpdate  - Account - invalid requesting entity - 404 Not Found"
"Policies_Jetty_V3","PolicyListUpdate_P0","Updating list with policies of the same account which were not a part of the list - Account level - 400 Bad Request - COORD-3172"
"Policies_Jetty_V3","PolicyListUpdate_P0","Updating list with policies of the same account which were not a part of the list - User level - 400 Bad Request - COORD-3172"
"Policies_Jetty_V3","PolicyListUpdate_P0","User level- UpdateMultiplePolicies - 200 OK - (FAIL COORD-957)"
"Policies_Jetty_V3","PolicyListUpdate_P0","User level- AddPolicyWithMultipleRequestingEntities - 200 OK - (FAIL COORD-957)"
"Policies_Jetty_V3","PolicyListUpdate_P0","Account level- UpdateMultiplePolicies - 200 OK"
"Policies_Jetty_V3","PolicyListUpdate_P0","DSC CHECK"
"Policies_Jetty_V3","PolicyListUpdate_P0","TOU in List and updating policies other than TOU"
"Policies_Jetty_V3","Solekai Issues_P1","TestCase Check DE0098 - manual"
"Policies_Jetty_V3","Solekai Issues_P1","POL446 fail check"
"Policies_Jetty_V3","Solekai Issues_P1","Copy of POL446 fail check"
"Policies_Jetty_V3","COORD-2945_Additional DECE email consent_P1","Base test case"
"Policies_Jetty_V3","COORD-2945_Additional DECE email consent_P1","001_Verify that EMailConsent can be created without accepting TOU"
"Policies_Jetty_V3","COORD-2945_Additional DECE email consent_P1","002_Verify adding EMailConsent using Account level policy call"
"Policies_Jetty_V3","COORD-2945_Additional DECE email consent_P1","003_CRUD operations on AEC using policyList calls"
"Policies_Jetty_V3","COORD-2945_Additional DECE email consent_P1","004_CRUD operations on AEC using discrete policy calls"
"Policies_Jetty_V3","COORD-2945_Additional DECE email consent_P1","005_Verify creating EMailConsent policy again"
"Policies_Jetty_V3","COORD-2945_Additional DECE email consent_P1","006_Verfiy creation of EMailConsent policy again after deletion"
"Policies_Jetty_V3","COORD-2945_Additional DECE email consent_P1","007_Verify adding EMailConsent using User Level PolicyListUpdate call"
"Policies_Jetty_V3","COORD-2945_Additional DECE email consent_P1","008_Verify adding EMailConsent using Account Level PolicyListUpdate call - FAIL"
"Policies_Jetty_V3","COORD-2945_Additional DECE email consent_P1","009_Verify API response for invalid policy Class Identifier"
"Policies_Jetty_V3","COORD-2945_Additional DECE email consent_P1","010_Verify API response for invalid Resource"
"Policies_Jetty_V3","COORD-2945_Additional DECE email consent_P1","011_Verify API response for invalid RequestingEntity"
"Policies_Jetty_V3","COORD-2945_Additional DECE email consent_P1","012_Verify CRUD operations for EMailConsent at ORG level - FAIL"
"Policies_Jetty_V3","COORD-2945_Additional DECE email consent_P1","013_Verfiy creation of EMailConsent without ResourceStatus tag"
"Policies_Jetty_V3","COORD-2945_Additional DECE email consent_P1","014_Verfiy API response when TOU is not accepted and EMailConsent is created using policyList with other user level policies(ULC)"
"Policies_Jetty_V3","COORD-2945_Additional DECE email consent_P1","015_Verfiy API response when TOU is accepted and EMailConsent is created using policyList with other user level policies(ULC)"
"Policies_Jetty_V3","COORD-2945_Additional DECE email consent_P1","016_Verify API response when Authorization header is not passed for EMailConsent policy"
"Policies_Jetty_V3","COORD-2945_Additional DECE email consent_P1","017_Mismatched userId in URL and request"
"Policies_Jetty_V3","COORD-2945_Additional DECE email consent_P1","018_Mismatched accountId and userId in URL"
"Policies_Jetty_V3","COORD-2945_Additional DECE email consent_P1","019_Multiple requesting entities - 400 Bad Request"
"Policies_Jetty_V3","COORD-2945_Additional DECE email consent_P1","020_Same requesting entity twice (DECE) - 400 Bad Request - Failing"
"Policies_Jetty_V3","COORD-2945_Additional DECE email consent_P1","021_Verify deletion of EMailConsent does not affect any other policies"
"Policies_Jetty_V3","COORD-2945_Additional DECE email consent_P1","022_Verify on 1_11"
"Policies_Jetty_V3","COORD-2945_Additional DECE email consent_P1","023_Invalid PolicyCreator"
"Policies_Jetty_V3","COORD-2945_Additional DECE email consent_P1","024_Account in DELETE status"
"Policies_Jetty_V3","COORD-2945_Additional DECE email consent_P1","025_User in DELETE status"
"Policies_Jetty_V3","COORD-2945_Additional DECE email consent_P1","026_API called with authorized node from different ORG - manual"
"Policies_Jetty_V3","COORD-2945_Additional DECE email consent_P1","027_Requesting entity as an org other that DECE org"
"Policies_Jetty_V3","COORD-2945_Additional DECE email consent_P1","IOT issue check"
"Policies_Jetty_V3","COORD-2945_Additional DECE email consent_P1","AEC check for DE0131"
"Policies_Jetty_V3","COORD-3745_P0","COORD-3745  check _ Manual"
"Policies_Jetty_V3","COORD-3745_P0","COORD-3745  check without S-HOST_ Manual"
"Policies_Jetty_V3","COORD-155","CRUD on ULC using List API"
"Policies_Jetty_V3","COORD-155","CRUD on ULC using discrete API"
"Policies_Jetty_V3","COORD-155","TEMPLATE_Sceanrio1-AccountUserPolicy Create with TOU and ULC"
"Policies_Jetty_V3","COORD-2124 UV-Connect","Create Account User TOU"
"Policies_Jetty_V3","COORD-2124 UV-Connect","Create Account User TOU ULC"
"Policies_Jetty_V3","COORD-2124 UV-Connect","ULC DELETE Should not cause MAC deleted Linked Using UV-Connect"
"Policies_Jetty_V3","COORD-2124 UV-Connect","ULC DELETE using UV-Connect Should not cause MAC deleted"
"Policies_Jetty_V3","COORD-2124 UV-Connect","ULC DELETE for Second FAU (only Second FAU) should not DELETE MAC where linked through UV-Connect"
"Policies_Jetty_V3","COORD-2124 UV-Connect","ULC DELETE for Second FAU (only Second FAU) should not DELETE MAC where both linked unlined through UV-Connect"
"Policies_Jetty_V3","COORD-2124 UV-Connect","ULC DELETE should not delete MAC If Policy Create done for multiple audience From UV-Connect and Delete using Policy Delete API"
"Policies_Jetty_V3","COORD-2124 UV-Connect","ULC DELETE Should not cause MAC deleted Linked Using UV-Connect When MAC was created"
"Policies_Jetty_V3","COORD-2124 UV-Connect","Deleting ULC with PORTAL node  and verify MAC is not Deleted where FAU is linked through UV-Connect"
"Policies_Jetty_V3","COORD-2124 UV-Connect","ULC delete for ORG1 _Retailer Node and ORG2_Retailer  Node Should not be deleting MAC if ULC Created through UV-Connect"
"Policies_Jetty_V3","COORD-2124 UV-Connect","ULC DELETE using UV-Connect Should not cause MAC deleted Where ULC Created at ORG Level"
"Policies_Jetty_V3","COORD-2124 UV-Connect","Scenario 1 COORD_3600 RET NODE"
"Policies_Jetty_V3","COORD-2124 UV-Connect","Scenario 2 COORD_3600 PORTAL NODE"
"Policies_Jetty_V3","COORD-2124 UV-Connect","Scenario 3 COORD_3600 RET NODE"
"Policies_Jetty_V3","COORD-2124 UV-Connect","Scenario 4 COORD_3600 PORTAL NODE"
"Policies_Jetty_V3","COORD-2124 UV-Connect","Scenario 5 COORD_3600 RET NODE"
"Policies_Jetty_V3","COORD-155 PolicyList","Scenario1-Verify behaviour when different ULC policy is created using PolicyList Create API with Single Requesting Entity and updated using PilcyListUpdate by adding Multiple Requesting entities"
"Policies_Jetty_V3","COORD-155 PolicyList","Scenario2-Verify behaviour when different ULC policy is created using PolicyList Create API with multiple Requesting Entity and updated using PolicyListUpdate by adding Multiple Requesting entities"
"Policies_Jetty_V3","COORD-155 PolicyList","Scenario3-Verify behaviour when ULC policy is created with other user level policies using PolicyList Create API with single Requesting Entity and list is updated with multiple requesting entities"
"Policies_Jetty_V3","COORD-155 PolicyList","Scenario4-Verify behaviour when ULC policy is created with other user level policies using PolicyList Create API with single Requesting Entity and ULC is updated with multiple requesting entities using discretePolicy API"
"Policies_Jetty_V3","COORD-155 PolicyList","Scenario5-Verify behaviour when ULC policy is created with other user level policies using PolicyList Create API with multiple Requesting Entity and list is updated with multiple requesting entities Scenario5 Verify behaviour when ULC policy is created with other user level policies using PolicyList Create API with multiple Requesting Entity and list is updated with multiple requesting entities"
"Policies_Jetty_V3","COORD-155 PolicyList","Scenario6-Verify behaviour when ULC policy is created with other user level policies using PolicyList Create API with multiple Requesting Entity and ULC is updated with multiple requesting entities using discretePolicy API"
"Policies_Jetty_V3","COORD-155 PolicyList","Scenario7-Verify behaviour when ULC policy is created with other user level policies using PolicyList Create API with multiple Requesting Entity and discrete ULC create is called with same requesting entities"
"Policies_Jetty_V3","COORD-155 PolicyList","Scenario8-Verify behaviour when ULC policy is created with other user level policies using PolicyList Create API with multiple Requesting Entity and discrete ULC create is called with multiple requesting entities"
"Policies_Jetty_V3","COORD-155 PolicyList","Scenario9-Verify behaviour when ULC policy is created using PolicyList Create API with Single Requesting Entity and the policyList is deleted using Portal role"
"Policies_Jetty_V3","COORD-155 PolicyList","Scenario10-Verify behaviour when ULC policy is created using PolicyList Create API with Single Requesting Entity and the policyList is deleted using PolicyList Delete API"
"Policies_Jetty_V3","COORD-155 PolicyList","Scenario11-Verify behaviour when ULC policy is created using PolicyList Create API with Single Requesting Entity and the ULC is deleted using discrete policy delete API"
"Policies_Jetty_V3","COORD-155 PolicyList","Scenario12-Verify behaviour when ULC policy is created using PolicyList Create API with multiple Requesting Entity and the ULC is deleted using discrete policy delete API"
"Policies_Jetty_V3","COORD-155 PolicyList","Scenario13-Verify behaviour when ULC policy is created using PolicyList Create API with multiple Requesting Entity and the policyList is deleted using PolicyList Delete API"
"Policies_Jetty_V3","COORD-155 PolicyList","Scenario14-Verify behaviour when different ULC policy is created for RET,LLASP,DLASP with single requesting entity using PolicyList Create API and ULC is deleted using discrete Policy API"
"Policies_Jetty_V3","COORD-155 Scenarios AccountUserCreate","Sceanrio1-AccountUserPolicy Create with TOU and ULC"
"Policies_Jetty_V3","COORD-155 Scenarios AccountUserCreate","Scenario2-AccountUserPolicy Create with TOU and ULC Delete ULC using API"
"Policies_Jetty_V3","COORD-155 Scenarios AccountUserCreate","Scenario3-AccountUserPolicy ULC Get by ID/Class ULC is deleted by Shost - multiple requesting entities"
"Policies_Jetty_V3","COORD-155 Scenarios AccountUserCreate","Scenario4-AccountUserPolicy ULC Get by Class -  ULC Created again using Shost - multiple requesting entities - DLASP"
"Policies_Jetty_V3","COORD-155 Scenarios AccountUserCreate","Scenario5-AccountUserPolicy ULC Get by Class -  ULC Created again using Shost - multiple requesting entities - LLASP"
"Policies_Jetty_V3","COORD-155 Scenarios AccountUserCreate","Scenario6-Verify ULC Get by ID/Class where ULC Created using AccountUserPolicy Create API and the same Deleted by API and ULC Created again using Shost for multiple requesting entities"
"Policies_Jetty_V3","COORD-155 Scenarios AccountUserCreate","Scenario7-Verify ULC Get by ID/Class when ULC is deleted by Shost where ULC Created using AccountUserPolicy Create API with multiple requesting entities"
"Policies_Jetty_V3","COORD-155 Scenarios AccountUserCreate","Scenario8-Verify ULC Get by ID/Class when Deleted by API and ULC Created again using Shost AccountUserPolicy Create API with multiple requesting entities"
"Policies_Jetty_V3","COORD-155 Scenarios AccountUserCreate","Scenario9-DLASP and LLASP ULC status where ULC for these nodes created by DescretePolicyUpdate API"
"Policies_Jetty_V3","COORD-155 Scenarios DiscretePolicyCreate","Sceanrio1-Discrete Policy Create with TOU and ULC_delete from Shost"
"Policies_Jetty_V3","COORD-155 Scenarios DiscretePolicyCreate","Sceanrio2-Discrete Policy Create  ULC Policy updated using Discrete Policy Update A"
"Policies_Jetty_V3","COORD-155 Scenarios DiscretePolicyCreate","Sceanrio3-Discrete Policy Create  ULC Policy updated using Discrete Policy Update A"
"Policies_Jetty_V3","COORD-155 Scenarios DiscretePolicyCreate","Sceanrio4-Discrete Policy Create  ULC Policy updated using Discrete Policy Update A"
"Policies_Jetty_V3","FUNC_USER_POLICIES_GET_CREATE_R5_GET_R4_P3","TC_DECE_00121_Policies_FUNC_BlockUnratedContent_Policy_Different_Orgs_GET"
"Policies_Jetty_V3","FUNC_USER_POLICIES_GET_CREATE_R5_GET_R4_P3","TC_DECE_00122_Policies_FUNC_RatingPolicy_Policy_GET"
"Policies_Jetty_V3","FUNC_USER_POLICIES_GET_CREATE_R5_GET_R4_P3","TC_DECE_00123_Policies_FUNC_NoPolicyEnforcement_Policy_GET"
"Policies_Jetty_V3","FUNC_USER_POLICIES_GET_CREATE_R5_GET_R4_P3","TC_DECE_00124_Policies_FUNC_AllowAdult_Policy_GET"
"Policies_Jetty_V3","FUNC_USER_POLICIES_GET_CREATE_R5_GET_R4_P3","TC_DECE_00125_Policies_FUNC_ManageUserConsent_Policy_GET"
"Policies_Jetty_V3","FUNC_USER_POLICIES_GET_CREATE_R5_GET_R4_P3","TC_DECE_00126_Policies_FUNC_UserDataUsageConsent_Policy_GET"
"Policies_Jetty_V3","FUNC_USER_POLICIES_GET_CREATE_R5_GET_R4_P3","TC_DECE_00127_Policies_FUNC_UserLinkConsent_Policy_GET"
"Policies_Jetty_V3","FUNC_USER_POLICIES_GET_CREATE_R5_GET_R4_P3","TC_DECE_00128_Policies_FUNC_TermsOfUse_Policy_GET_US"
"Policies_Jetty_V3","FUNC_USER_POLICIES_GET_CREATE_R5_GET_R4_P3","TC_DECE_00129_Policies_FUNC_TermsOfUse_Policy_GET_FR"
"Policies_Jetty_V3","FUNC_USER_POLICIES_GET_CREATE_R5_GET_R4_P3","TC_DECE_00130_Policies_FUNC_TermsOfUse_Policy_GET_DE"
"Policies_Jetty_V3","FUNC_USER_POLICIES_GET_CREATE_R5_GET_R4_P3","TC_DECE_00131_Policies_FUNC_TermsOfUse_Policy_GET_AT"
"Policies_Jetty_V3","FUNC_USER_POLICIES_GET_CREATE_R5_GET_R4_P3","TC_DECE_00132_Policies_FUNC_TermsOfUse_Policy_GET_CH"
"Policies_Jetty_V3","FUNC_USER_POLICIES_GET_CREATE_R5_GET_R4_P3","TC_DECE_00133_Policies_FUNC_TermsOfUse_Policy_GET_BE"
"Policies_Jetty_V3","FUNC_USER_POLICIES_GET_CREATE_R5_GET_R4_P3","TC_DECE_00134_Policies_FUNC_TermsOfUse_Policy_GET_LU"
"Policies_Jetty_V3","FUNC_USER_POLICIES_GET_CREATE_R5_GET_R4_P3","TC_DECE_00135_Policies_FUNC_TermsOfUse_Policy_GET_NL"
"Policies_Jetty_V3","TearDown","Enable back all disabled teststeps"
"Policies_Jetty_V3","Copy of TWG scenario check - Sunitha","TWG scenario check  ORIGINAL"
"Policies_Jetty_V3","GetTestCaseList","WriteTestCaseInExcel"
"Policies_Jetty_V3","COORD-2124","Create Account User TOU"
"Policies_Jetty_V3","COORD-2124","Create Account User TOU ULC"
"Policies_Jetty_V3","COORD-2124","Scenario 1 ULC DELETE Should not cause MAC deleted"
"Policies_Jetty_V3","COORD-2124","Scenario 2 Second Users ULC DELETE (Only FAU2 has ULC)Should not cause MAC deleted"
"Policies_Jetty_V3","COORD-2124","Scenario 3 Second User (both Users have ULC) ULC DELETE Should not cause MAC deleted"
"Policies_Jetty_V3","COORD-2124","Scenario 4 ULC delete for  BAU (ULC for both Users)- should not DELETE MAC"
"Policies_Jetty_V3","COORD-2124","Scenario 5 ULC DELETE Should not cause MAC deleted"
"Policies_Jetty_V3","COORD-2124","Scenario 6 ULC DELETE Should not cause MAC deleted"
"Policies_Jetty_V3","COORD-2124","Scenario 7 ULC Create for multiple req. entities Policy create and delete- using policy delete"
"Policies_Jetty_V3","COORD-2124","Scenario 8 Create 3 diff. ULCs for different requesting entities. Delete ULC one by one and verify MAC is not Deleted"
"Policies_Jetty_V3","COORD-2124","Scenario 9 Verify MAC is not Deleted on Deleting ULC when MAC was created using Discrete Policy Create"
"Policies_Jetty_V3","COORD-2124","Scenario 10. Deleting ULC with PORTAL node  and verify MAC is not Deleted"
"Policies_Jetty_V3","COORD-2124","Scenario 11 Verify MAC is deleted  on Deleting  MUC for FAU where only 1 FAU exists in Account"
"Policies_Jetty_V3","COORD-2124","Scenario 12 Verify MAC is NOT deleted  on Deleting  MUC for Second FAU where 2 FAUs exist in Account"
"Policies_Jetty_V3","COORD-2124","Scenario 13 Verify MAC is NOT deleted  on Deleting Policy List [TOU,ULC MUC] for Second FAU where 2 FAUs exist in Account"
"Policies_Jetty_V3","COORD-2124","Scenario 14 ULC delete for ORG - should not DELETE MAC"
"Policies_Jetty_V3","COORD-1721","Account User Policy Create"
"Policies_Jetty_V3","COORD-1721","1. AccountUserPolicy Create with  TOU MUC and ULC policy"
"Policies_Jetty_V3","COORD-1721","Scenario 2 Second Users ULC DELETE (Only FAU2 has ULC)Should not cause MAC deleted"
"Policies_Jetty_V3","COORD-1721","Scenario 3 Second User (both Users have ULC) ULC DELETE Should not cause MAC deleted"
"Policies_Jetty_V3","COORD-1721","Scenario 4 ULC delete for  BAU (ULC for both Users)- should not DELETE MAC"
"Policies_Jetty_V3","COORD-1721","Scenario 5 ULC DELETE Should not cause MAC deleted"
"Policies_Jetty_V3","COORD-1721","Scenario 6 ULC DELETE Should not cause MAC deleted"
"Policies_Jetty_V3","COORD-1721","Scenario 7 ULC Create for multiple req. entities Policy create and delete- using policy delete"
"Policies_Jetty_V3","COORD-1721","Scenario 8 Create 3 diff. ULCs for different requesting entities. Delete ULC one by one and verify MAC is not Deleted"
"Policies_Jetty_V3","COORD-1721","Scenario 9 Verify MAC is not Deleted on Deleting ULC when MAC was created using Discrete Policy Create"
"Policies_Jetty_V3","COORD-1721","Scenario 10. Deleting ULC with PORTAL node  and verify MAC is not Deleted"
"Policies_Jetty_V3","COORD-1721","Scenario 11 Verify MAC is deleted  on Deleting  MUC for FAU where only 1 FAU exists in Account"
"Policies_Jetty_V3","COORD-1721","Scenario 12 Verify MAC is NOT deleted  on Deleting  MUC for Second FAU where 2 FAUs exist in Account"
"Policies_Jetty_V3","COORD-1721","Scenario 13 Verify MAC is NOT deleted  on Deleting Policy List [TOU,ULC MUC] for Second FAU where 2 FAUs exist in Account"
"Policies_Jetty_V3","COORD-1721","Scenario 14 ULC delete for ORG - should not DELETE MAC"
"Policies_Jetty_V3","COORD-1721","Create Account User TOU ULC MUC_depr"
"Policies_Jetty_V3","COORD-1721","Create Account User TOU ULC_depr"
"Policies_Jetty_V3","COORD-1721","Create Account User TOU_depr"
"Policies_Jetty_V3","COORD-1721","Create Account User TOU_depr"
